Zdroj Ministerstvo vnútra SR,,,,,,,,,,,,,,,,,,,,,,,
ŠTATISTIKA  KRIMINALITY ZA OBDOBIE  1.1.  -  31.12.2018,,,,,,,,,,,,,,,,,,,,,,,

Údaje za  Slovenskú republiku,,,,,,,,,,,,,,,,,,,,,,,

,Údaje o trestných èinoch   ( škody v tisíc € ),,,,,,,,,,,,,"Údaje o stíhaných,vyšetrovaných osobách",,,,,,,,,
Druh kriminality,Zistené,Objasnené, t.j. %,Spôsob. škoda,Dodatoè. objasnené,Vplyv alkoholu,Vplyv drog,Maloletý páchate¾,Maloletý -alkohol,Maloletý -drogy,Mladistvý páchate¾,Mladistvý -alkohol,Mladistvý -drogy,Celkom osôb,Vplyv alkoholu,Vplyv drog,Maloletý páchate¾,Maloletý -alkohol,Maloletý -drogy ,Mladistvý páchate¾,Mladistvý -alkohol,Mladistvý -drogy,
I. HLAVA Tr. zákona                     ,  5 400,  3 549,   66,  2 814,   695,   526,   58,   32,   ,   ,   225,   13,   4,  4 410,   551,   63,   36,   ,   ,   233,   14,   4,
§ 144                                   ,   22,   9,   41,   ,   3,   ,   ,   ,   ,   ,   ,   ,   ,   7,   ,   ,   ,   ,   ,   ,   ,   ,
§ 145                                   ,   40,   36,   90,   ,   4,   13,   2,   ,   ,   ,   1,   ,   ,   39,   13,   2,   ,   ,   ,   1,   ,   ,
§ 146                                   ,   1,   ,   ,   ,   ,   ,   ,   ,   ,   ,   ,   ,   ,   ,   ,   ,   ,   ,   ,   ,   ,   ,
§ 147                                   ,   18,   9,   50,   ,   1,   8,   ,   ,   ,   ,   ,   ,   ,   9,   7,   ,   ,   ,   ,   ,   ,   ,
§ 148                                   ,   11,   5,   45,   ,   1,   5,   ,   ,   ,   ,   ,   ,   ,   7,   6,   ,   ,   ,   ,   ,   ,   ,
§ 149                                   ,   443,   84,   19,   690,   58,   5,   3,   ,   ,   ,   ,   ,   ,   152,   5,   3,   ,   ,   ,   ,   ,   ,
§ 151                                   ,   1,   ,   ,   ,   ,   ,   ,   ,   ,   ,   ,   ,   ,   ,   ,   ,   ,   ,   ,   ,   ,   ,
§ 154                                   ,   2,   2,   100,   ,   ,   ,   ,   ,   ,   ,   ,   ,   ,   1,   ,   ,   ,   ,   ,   ,   ,   ,
§ 155                                   ,   234,   183,   78,   ,   29,   68,   1,   1,   ,   ,   21,   ,   ,   247,   69,   1,   1,   ,   ,   24,   ,   ,
§ 156                                   ,  1 363,   959,   70,   20,   118,   313,   ,   24,   ,   ,   92,   11,   ,  1 185,   343,   ,   28,   ,   ,   100,   12,   ,
§ 157                                   ,   838,   577,   69,   864,   205,   55,   1,   1,   ,   ,   10,   1,   ,   776,   52,   1,   1,   ,   ,   10,   1,   ,
§ 158                                   ,   780,   478,   61,  1 102,   108,   25,   1,   2,   ,   ,   1,   ,   ,   583,   25,   1,   2,   ,   ,   1,   ,   ,
§ 162                                   ,   3,   1,   33,   ,   1,   ,   ,   ,   ,   ,   1,   ,   ,   3,   ,   ,   ,   ,   ,   1,   ,   ,
§ 163                                   ,   2,   1,   50,   ,   ,   ,   ,   ,   ,   ,   ,   ,   ,   1,   ,   ,   ,   ,   ,   ,   ,   ,
§ 164                                   ,   1,   ,   ,   ,   ,   ,   ,   ,   ,   ,   ,   ,   ,   ,   ,   ,   ,   ,   ,   ,   ,   ,
§ 165                                   ,   1,   1,   100,   ,   ,   ,   ,   ,   ,   ,   ,   ,   ,   ,   ,   ,   ,   ,   ,   ,   ,   ,
§ 167                                   ,   20,   17,   85,   ,   ,   ,   ,   3,   ,   ,   8,   ,   ,   15,   ,   ,   3,   ,   ,   8,   ,   ,
§ 168                                   ,   1,   ,   ,   ,   ,   ,   ,   ,   ,   ,   ,   ,   ,   ,   ,   ,   ,   ,   ,   ,   ,   ,
§ 169                                   ,   1,   ,   ,   ,   ,   ,   ,   ,   ,   ,   ,   ,   ,   ,   ,   ,   ,   ,   ,   ,   ,   ,
§ 170                                   ,   2,   ,   ,   ,   ,   ,   ,   ,   ,   ,   ,   ,   ,   ,   ,   ,   ,   ,   ,   ,   ,   ,
§ 171                                   ,   896,   664,   74,   ,   83,   20,   32,   ,   ,   ,   64,   ,   3,   720,   20,   31,   ,   ,   ,   62,   ,   3,
§ 172/1A                                ,   44,   22,   50,   ,   9,   ,   3,   ,   ,   ,   ,   ,   ,   63,   ,   5,   ,   ,   ,   ,   ,   ,
§ 172/1B                                ,   54,   32,   59,   ,   10,   ,   1,   ,   ,   ,   ,   ,   ,   61,   ,   4,   ,   ,   ,   ,   ,   ,
§ 172/1C                                ,   425,   319,   75,   ,   44,   2,   9,   1,   ,   ,   19,   ,   1,   387,   2,   9,   1,   ,   ,   19,   ,   1,
§ 172/1D                                ,   106,   94,   89,   ,   9,   6,   5,   ,   ,   ,   6,   1,   ,   103,   6,   6,   ,   ,   ,   6,   1,   ,
§ 173                                   ,   7,   4,   57,   ,   2,   ,   ,   ,   ,   ,   ,   ,   ,   4,   ,   ,   ,   ,   ,   ,   ,   ,
§ 174                                   ,   41,   26,   63,   ,   2,   ,   ,   ,   ,   ,   2,   ,   ,   28,   ,   ,   ,   ,   ,   1,   ,   ,
§ 175                                   ,   3,   2,   67,   ,   ,   1,   ,   ,   ,   ,   ,   ,   ,   2,   1,   ,   ,   ,   ,   ,   ,   ,
§ 176                                   ,   5,   1,   20,   134,   1,   ,   ,   ,   ,   ,   ,   ,   ,   2,   ,   ,   ,   ,   ,   ,   ,   ,
§ 177                                   ,   12,   6,   50,   ,   ,   1,   ,   ,   ,   ,   ,   ,   ,   6,   1,   ,   ,   ,   ,   ,   ,   ,
§ 178                                   ,   19,   15,   79,   1,   4,   4,   ,   ,   ,   ,   ,   ,   ,   2,   1,   ,   ,   ,   ,   ,   ,   ,
                                        ,   ,   ,   ,   ,   ,   ,   ,   ,   ,   ,   ,   ,   ,   ,   ,   ,   ,   ,   ,   ,   ,   ,
II. HLAVA Tr. zákona                    ,  3 172,  2 040,   64,  14 595,   182,   315,   5,   149,   ,   ,   537,   21,   ,  2 413,   316,   5,   212,   ,   ,   557,   23,   ,
§ 179/1                                 ,   20,   11,   55,   ,   8,   ,   ,   ,   ,   ,   1,   ,   ,   36,   ,   ,   ,   ,   ,   1,   ,   ,
§ 179/2                                 ,   7,   3,   43,   ,   1,   ,   ,   ,   ,   ,   ,   ,   ,   10,   ,   ,   ,   ,   ,   ,   ,   ,
§ 180                                   ,   ,   ,   ,   ,   1,   ,   ,   ,   ,   ,   ,   ,   ,   4,   ,   ,   ,   ,   ,   ,   ,   ,
§ 182                                   ,   3,   1,   33,   ,   ,   1,   ,   ,   ,   ,   ,   ,   ,   1,   1,   ,   ,   ,   ,   ,   ,   ,
§ 183                                   ,   88,   64,   73,   ,   2,   11,   ,   1,   ,   ,   5,   ,   ,   60,   8,   ,   3,   ,   ,   7,   ,   ,
§ 185                                   ,   1,   1,   100,   ,   ,   1,   ,   ,   ,   ,   ,   ,   ,   1,   1,   ,   ,   ,   ,   ,   ,   ,
§ 186                                   ,   1,   1,   100,   ,   ,   1,   ,   ,   ,   ,   ,   ,   ,   2,   1,   ,   ,   ,   ,   ,   ,   ,
§ 188                                   ,   475,   340,   72,   539,   31,   63,   2,   28,   ,   ,   103,   10,   ,   508,   77,   3,   46,   ,   ,   129,   12,   ,
§ 189                                   ,   468,   263,   56,  10 783,   26,   51,   ,   16,   ,   ,   25,   ,   ,   283,   48,   ,   22,   ,   ,   29,   ,   ,
§ 190/1                                 ,   3,   1,   33,   ,   ,   ,   ,   ,   ,   ,   ,   ,   ,   2,   ,   ,   ,   ,   ,   ,   ,   ,
§ 191                                   ,   2,   1,   50,  3 000,   ,   ,   ,   ,   ,   ,   ,   ,   ,   3,   ,   ,   ,   ,   ,   ,   ,   ,
§ 192                                   ,   9,   1,   11,   2,   ,   ,   ,   ,   ,   ,   ,   ,   ,   1,   ,   ,   ,   ,   ,   ,   ,   ,
§ 194                                   ,  1 418,   853,   60,   269,   62,   150,   3,   69,   ,   ,   172,   5,   ,   974,   149,   2,   107,   ,   ,   150,   5,   ,
§ 194A                                  ,   2,   ,   ,   ,   ,   ,   ,   ,   ,   ,   ,   ,   ,   ,   ,   ,   ,   ,   ,   ,   ,   ,
§ 196/1                                 ,   7,   ,   ,   ,   ,   ,   ,   ,   ,   ,   ,   ,   ,   ,   ,   ,   ,   ,   ,   ,   ,   ,
§ 196/2                                 ,   1,   ,   ,   ,   ,   ,   ,   ,   ,   ,   ,   ,   ,   ,   ,   ,   ,   ,   ,   ,   ,   ,
§ 199                                   ,   96,   61,   64,   ,   6,   12,   ,   1,   ,   ,   11,   1,   ,   60,   10,   ,   1,   ,   ,   11,   1,   ,
§ 200                                   ,   76,   57,   75,   ,   6,   13,   ,   2,   ,   ,   15,   1,   ,   52,   10,   ,   2,   ,   ,   13,   1,   ,
§ 201                                   ,   457,   361,   79,   ,   33,   12,   ,   31,   ,   ,   205,   4,   ,   395,   11,   ,   31,   ,   ,   217,   4,   ,
§ 201a                                  ,   15,   6,   40,   ,   1,   ,   ,   ,   ,   ,   ,   ,   ,   3,   ,   ,   ,   ,   ,   ,   ,   ,
§ 201b                                  ,   8,   3,   38,   ,   1,   ,   ,   ,   ,   ,   ,   ,   ,   2,   ,   ,   ,   ,   ,   ,   ,   ,
§ 202                                   ,   11,   9,   82,   ,   4,   ,   ,   ,   ,   ,   ,   ,   ,   12,   ,   ,   ,   ,   ,   ,   ,   ,
§ 203                                   ,   4,   3,   75,   ,   ,   ,   ,   1,   ,   ,   ,   ,   ,   4,   ,   ,   ,   ,   ,   ,   ,   ,
                                        ,   ,   ,   ,   ,   ,   ,   ,   ,   ,   ,   ,   ,   ,   ,   ,   ,   ,   ,   ,   ,   ,   ,
III. HLAVA Tr. zákona                   ,  6 301,  5 660,   90,   ,   427,   106,   4,   3,   ,   ,   8,   ,   ,  6 798,   100,   4,   3,   ,   ,   8,   ,   ,
§ 204                                   ,   2,   2,   100,   ,   ,   ,   ,   ,   ,   ,   ,   ,   ,   2,   ,   ,   ,   ,   ,   ,   ,   ,
§ 205                                   ,   11,   7,   64,   ,   ,   ,   ,   ,   ,   ,   ,   ,   ,   7,   ,   ,   ,   ,   ,   ,   ,   ,
§ 206                                   ,   12,   5,   42,   ,   1,   ,   ,   ,   ,   ,   ,   ,   ,   7,   ,   ,   ,   ,   ,   ,   ,   ,
§ 207/1                                 ,  4 133,  3 745,   91,   ,   307,   5,   1,   2,   ,   ,   3,   ,   ,  4 030,   5,   1,   2,   ,   ,   3,   ,   ,
§ 207/2                                 ,   174,   171,   98,   ,   34,   ,   ,   ,   ,   ,   ,   ,   ,   201,   ,   ,   ,   ,   ,   ,   ,   ,
§ 208                                   ,   423,   258,   61,   ,   35,   97,   3,   ,   ,   ,   4,   ,   ,   280,   90,   3,   ,   ,   ,   4,   ,   ,
§ 210                                   ,   3,   2,   67,   ,   ,   ,   ,   ,   ,   ,   ,   ,   ,   2,   ,   ,   ,   ,   ,   ,   ,   ,
§ 211/1                                 ,  1 543,  1 470,   95,   ,   50,   4,   ,   1,   ,   ,   1,   ,   ,  2 269,   5,   ,   1,   ,   ,   1,   ,   ,
                                        ,   ,   ,   ,   ,   ,   ,   ,   ,   ,   ,   ,   ,   ,   ,   ,   ,   ,   ,   ,   ,   ,   ,
IV. HLAVA Tr. zákona                    ,  26 702,  11 286,   42,  215 550,  1 315,   890,   16,   409,   ,   ,  1 296,   54,   ,  12 589,   862,   14,   516,   ,   ,  1 272,   49,   ,
§ 212                                   ,  17 232,  7 609,   44,  36 961,   533,   550,   12,   334,   ,   ,   975,   25,   ,  8 111,   562,   10,   407,   ,   ,   938,   28,   ,
     - § 212/1                          ,  9 128,  2 162,   24,  34 669,   361,   109,   4,   51,   ,   ,   246,   3,   ,  2 685,   117,   3,   76,   ,   ,   284,   4,   ,
     - § 212/2a                         ,  1 864,   728,   39,   608,   89,   70,   2,   43,   ,   ,   178,   7,   ,   837,   84,   2,   71,   ,   ,   184,   9,   ,
     - § 212/2b                         ,   28,   22,   79,   6,   ,   2,   ,   ,   ,   ,   2,   ,   ,   17,   2,   ,   ,   ,   ,   1,   ,   ,
     - § 212/2c                         ,  1 775,   495,   28,   659,   41,   56,   ,   27,   ,   ,   66,   3,   ,   518,   59,   ,   31,   ,   ,   67,   5,   ,
     - § 212/2d                         ,  1 001,   836,   84,   359,   7,   5,   ,   213,   ,   ,   172,   2,   ,   998,   6,   ,   229,   ,   ,   188,   2,   ,
     - § 212/2e                         ,   429,   383,   89,   457,   17,   ,   ,   ,   ,   ,   7,   ,   ,   416,   ,   ,   ,   ,   ,   6,   ,   ,
     - § 212/2f                         ,  3 007,  2 983,   99,   200,   18,   308,   6,   ,   ,   ,   304,   10,   ,  2 640,   294,   5,   ,   ,   ,   208,   8,   ,
§ 213                                   ,   559,   384,   69,  8 138,   86,   3,   ,   ,   ,   ,   3,   ,   ,   447,   3,   ,   ,   ,   ,   3,   ,   ,
§ 214                                   ,   194,   93,   48,   451,   22,   ,   ,   ,   ,   ,   ,   ,   ,   122,   ,   ,   ,   ,   ,   ,   ,   ,
§ 215                                   ,   25,   7,   28,   28,   2,   ,   ,   ,   ,   ,   ,   ,   ,   10,   ,   ,   ,   ,   ,   ,   ,   ,
§ 216                                   ,   453,   417,   92,   787,   11,   84,   ,   10,   ,   ,   133,   20,   ,   410,   67,   ,   10,   ,   ,   133,   14,   ,
§ 217                                   ,   112,   82,   73,   673,   9,   8,   ,   ,   ,   ,   4,   ,   ,   82,   4,   ,   ,   ,   ,   4,   ,   ,
§ 218/1                                 ,   50,   35,   70,   11,   3,   3,   ,   ,   ,   ,   1,   ,   ,   41,   3,   ,   ,   ,   ,   1,   ,   ,
§ 218/2                                 ,   53,   31,   58,   11,   3,   4,   ,   ,   ,   ,   1,   1,   ,   37,   4,   ,   ,   ,   ,   1,   1,   ,
§ 219/1                                 ,  1 537,   473,   31,  1 268,   89,   11,   1,   7,   ,   ,   57,   ,   ,   573,   8,   1,   7,   ,   ,   52,   ,   ,
§ 220                                   ,   33,   2,   6,   40,   1,   ,   ,   ,   ,   ,   ,   ,   ,   4,   ,   ,   ,   ,   ,   ,   ,   ,
§ 221                                   ,  2 158,   843,   39,  69 973,   354,   3,   1,   1,   ,   ,   10,   ,   ,  1 175,   3,   1,   1,   ,   ,   11,   ,   ,
§ 222                                   ,   312,   203,   65,  9 321,   44,   ,   ,   ,   ,   ,   1,   ,   ,   261,   ,   ,   ,   ,   ,   1,   ,   ,
§ 223                                   ,   34,   14,   41,  2 487,   7,   ,   ,   ,   ,   ,   ,   ,   ,   27,   ,   ,   ,   ,   ,   ,   ,   ,
§ 225/1                                 ,   120,   88,   73,  4 653,   10,   1,   ,   ,   ,   ,   1,   ,   ,   111,   1,   ,   ,   ,   ,   1,   ,   ,
§ 225/2                                 ,   9,   2,   22,  1 288,   4,   ,   ,   ,   ,   ,   ,   ,   ,   6,   ,   ,   ,   ,   ,   ,   ,   ,
§ 226                                   ,   15,   3,   20,   145,   2,   ,   ,   ,   ,   ,   ,   ,   ,   5,   ,   ,   ,   ,   ,   ,   ,   ,
§ 227                                   ,   3,   1,   33,   119,   ,   ,   ,   ,   ,   ,   ,   ,   ,   1,   ,   ,   ,   ,   ,   ,   ,   ,
§ 228/1                                 ,   3,   ,   ,   80,   2,   ,   ,   ,   ,   ,   ,   ,   ,   2,   ,   ,   ,   ,   ,   ,   ,   ,
§ 231                                   ,   74,   61,   82,   ,   2,   1,   ,   ,   ,   ,   7,   1,   ,   61,   1,   ,   ,   ,   ,   8,   1,   ,
§ 232                                   ,   2,   ,   ,   ,   ,   ,   ,   ,   ,   ,   ,   ,   ,   ,   ,   ,   ,   ,   ,   ,   ,   ,
§ 233                                   ,   111,   25,   23,  3 648,   16,   ,   ,   ,   ,   ,   ,   ,   ,   26,   ,   ,   ,   ,   ,   ,   ,   ,
§ 235                                   ,   9,   6,   67,   7,   2,   ,   ,   ,   ,   ,   1,   ,   ,   10,   ,   ,   ,   ,   ,   1,   ,   ,
§ 236                                   ,   327,   122,   37,   312,   6,   3,   1,   3,   ,   ,   12,   ,   ,   134,   3,   1,   3,   ,   ,   13,   ,   ,
§ 237                                   ,   93,   16,   17,  46 086,   28,   ,   ,   ,   ,   ,   ,   ,   ,   43,   ,   ,   ,   ,   ,   ,   ,   ,
§ 238                                   ,   2,   1,   50,   ,   ,   ,   ,   ,   ,   ,   ,   ,   ,   1,   ,   ,   ,   ,   ,   ,   ,   ,
§ 239/1                                 ,   87,   12,   14,  11 328,   10,   ,   ,   ,   ,   ,   ,   ,   ,   28,   ,   ,   ,   ,   ,   ,   ,   ,
§ 239/2                                 ,   5,   ,   ,   930,   1,   ,   ,   ,   ,   ,   ,   ,   ,   3,   ,   ,   ,   ,   ,   ,   ,   ,
§ 240                                   ,   28,   6,   21,   785,   6,   ,   ,   ,   ,   ,   ,   ,   ,   15,   ,   ,   ,   ,   ,   ,   ,   ,
§ 242                                   ,   12,   5,   42,  4 879,   2,   ,   ,   ,   ,   ,   ,   ,   ,   7,   ,   ,   ,   ,   ,   ,   ,   ,
§ 243                                   ,   10,   2,   20,   359,   1,   ,   ,   ,   ,   ,   ,   ,   ,   4,   ,   ,   ,   ,   ,   ,   ,   ,
§ 243A                                  ,   18,   10,   56,   37,   1,   ,   ,   ,   ,   ,   ,   ,   ,   10,   ,   ,   ,   ,   ,   ,   ,   ,
§ 244                                   ,   5,   ,   ,   400,   ,   ,   ,   ,   ,   ,   ,   ,   ,   ,   ,   ,   ,   ,   ,   ,   ,   ,
§ 245                                   ,  2 611,   627,   24,  9 902,   50,   200,   1,   46,   ,   ,   52,   6,   ,   686,   183,   1,   78,   ,   ,   55,   4,   ,
§ 246                                   ,   322,   98,   30,   199,   5,   19,   ,   8,   ,   ,   38,   1,   ,   124,   20,   ,   10,   ,   ,   50,   1,   ,
§ 247/1                                 ,   23,   ,   ,   116,   ,   ,   ,   ,   ,   ,   ,   ,   ,   ,   ,   ,   ,   ,   ,   ,   ,   ,
§ 248A                                  ,   1,   ,   ,   ,   1,   ,   ,   ,   ,   ,   ,   ,   ,   1,   ,   ,   ,   ,   ,   ,   ,   ,
§ 249                                   ,   13,   3,   23,   ,   2,   ,   ,   ,   ,   ,   ,   ,   ,   6,   ,   ,   ,   ,   ,   ,   ,   ,
§ 249A                                  ,   4,   ,   ,   4,   ,   ,   ,   ,   ,   ,   ,   ,   ,   ,   ,   ,   ,   ,   ,   ,   ,   ,
                                        ,   ,   ,   ,   ,   ,   ,   ,   ,   ,   ,   ,   ,   ,   ,   ,   ,   ,   ,   ,   ,   ,   ,
V. HLAVA Tr. zákona                     ,  6 820,  3 984,   58,  127 002,   640,   7,   1,   1,   ,   ,   8,   ,   ,  4 371,   5,   1,   1,   ,   ,   9,   ,   ,
§ 250                                   ,   2,   ,   ,   ,   ,   ,   ,   ,   ,   ,   ,   ,   ,   ,   ,   ,   ,   ,   ,   ,   ,   ,
§ 251                                   ,   46,   21,   46,  1 090,   2,   ,   ,   ,   ,   ,   ,   ,   ,   23,   ,   ,   ,   ,   ,   ,   ,   ,
§ 253                                   ,   13,   10,   77,   ,   ,   ,   ,   ,   ,   ,   ,   ,   ,   10,   ,   ,   ,   ,   ,   ,   ,   ,
§ 254/1                                 ,   2,   ,   ,   3,   ,   ,   ,   ,   ,   ,   ,   ,   ,   ,   ,   ,   ,   ,   ,   ,   ,   ,
§ 254/2                                 ,   1,   ,   ,   28,   ,   ,   ,   ,   ,   ,   ,   ,   ,   ,   ,   ,   ,   ,   ,   ,   ,   ,
§ 255/1                                 ,   1,   ,   ,   ,   ,   ,   ,   ,   ,   ,   ,   ,   ,   ,   ,   ,   ,   ,   ,   ,   ,   ,
§ 259                                   ,   55,   16,   29,   46,   8,   ,   ,   ,   ,   ,   ,   ,   ,   19,   ,   ,   ,   ,   ,   ,   ,   ,
§ 261                                   ,   32,   16,   50,   695,   12,   ,   ,   ,   ,   ,   ,   ,   ,   45,   ,   ,   ,   ,   ,   ,   ,   ,
§ 264                                   ,   4,   1,   25,   128,   ,   ,   ,   ,   ,   ,   ,   ,   ,   1,   ,   ,   ,   ,   ,   ,   ,   ,
§ 265/1                                 ,   2,   ,   ,   ,   ,   ,   ,   ,   ,   ,   ,   ,   ,   ,   ,   ,   ,   ,   ,   ,   ,   ,
§ 266                                   ,   38,   6,   16,  1 644,   4,   ,   ,   ,   ,   ,   ,   ,   ,   10,   ,   ,   ,   ,   ,   ,   ,   ,
§ 268                                   ,   1,   1,   100,   ,   ,   ,   ,   ,   ,   ,   ,   ,   ,   9,   ,   ,   ,   ,   ,   ,   ,   ,
§ 270/1                                 ,   41,   10,   24,   119,   1,   1,   ,   ,   ,   ,   ,   ,   ,   15,   1,   ,   ,   ,   ,   ,   ,   ,
§ 270/2                                 ,  1 113,   30,   3,   48,   6,   ,   ,   1,   ,   ,   3,   ,   ,   33,   ,   ,   1,   ,   ,   3,   ,   ,
§ 271/1                                 ,   4,   4,   100,   ,   ,   ,   1,   ,   ,   ,   1,   ,   ,   6,   ,   1,   ,   ,   ,   3,   ,   ,
§ 271/2                                 ,   1,   1,   100,   ,   ,   ,   ,   ,   ,   ,   ,   ,   ,   2,   ,   ,   ,   ,   ,   ,   ,   ,
§ 273                                   ,   1,   ,   ,   ,   ,   ,   ,   ,   ,   ,   ,   ,   ,   ,   ,   ,   ,   ,   ,   ,   ,   ,
§ 274                                   ,   1,   ,   ,   ,   ,   ,   ,   ,   ,   ,   ,   ,   ,   ,   ,   ,   ,   ,   ,   ,   ,   ,
§ 276                                   ,   426,   207,   49,  72 920,   102,   ,   ,   ,   ,   ,   2,   ,   ,   477,   ,   ,   ,   ,   ,   1,   ,   ,
§ 277                                   ,  2 360,  1 985,   84,  10 003,   172,   3,   ,   ,   ,   ,   1,   ,   ,  2 395,   3,   ,   ,   ,   ,   1,   ,   ,
§ 277a                                  ,   61,   15,   25,  5 492,   24,   ,   ,   ,   ,   ,   ,   ,   ,   48,   ,   ,   ,   ,   ,   ,   ,   ,
§ 278                                   ,  2 393,  1 521,   64,  18 112,   292,   3,   ,   ,   ,   ,   ,   ,   ,  1 094,   1,   ,   ,   ,   ,   ,   ,   ,
§ 278a                                  ,   4,   ,   ,   ,   ,   ,   ,   ,   ,   ,   ,   ,   ,   ,   ,   ,   ,   ,   ,   ,   ,   ,
§ 279                                   ,   146,   122,   84,  15 817,   7,   ,   ,   ,   ,   ,   1,   ,   ,   157,   ,   ,   ,   ,   ,   1,   ,   ,
§ 281/1                                 ,   10,   5,   50,   237,   3,   ,   ,   ,   ,   ,   ,   ,   ,   6,   ,   ,   ,   ,   ,   ,   ,   ,
§ 281/2                                 ,   2,   ,   ,   424,   ,   ,   ,   ,   ,   ,   ,   ,   ,   ,   ,   ,   ,   ,   ,   ,   ,   ,
§ 282                                   ,   2,   ,   ,   8,   1,   ,   ,   ,   ,   ,   ,   ,   ,   1,   ,   ,   ,   ,   ,   ,   ,   ,
§ 283                                   ,   46,   10,   22,   181,   6,   ,   ,   ,   ,   ,   ,   ,   ,   16,   ,   ,   ,   ,   ,   ,   ,   ,
                                        ,   ,   ,   ,   ,   ,   ,   ,   ,   ,   ,   ,   ,   ,   ,   ,   ,   ,   ,   ,   ,   ,   ,
VI. HLAVA Tr. zákona                    ,  6 069,  5 200,   86,  22 955,   179,  4 621,   58,   42,   ,   ,   70,   37,   1,  5 372,  4 541,   50,   44,   ,   ,   77,   35,   1,
§ 284                                   ,   24,   9,   38,   222,   5,   5,   ,   ,   ,   ,   1,   1,   ,   15,   4,   ,   ,   ,   ,   1,   1,   ,
§ 285                                   ,   86,   29,   34,  13 652,   14,   5,   ,   1,   ,   ,   1,   ,   ,   48,   6,   ,   1,   ,   ,   1,   ,   ,
§ 286                                   ,   92,   25,   27,   98,   1,   6,   ,   1,   ,   ,   10,   1,   ,   36,   7,   ,   1,   ,   ,   11,   1,   ,
§ 288                                   ,   105,   53,   50,   168,   5,   5,   1,   ,   ,   ,   1,   ,   ,   58,   2,   ,   ,   ,   ,   2,   ,   ,
§ 289/1                                 ,  4 057,  3 998,   99,   483,   39,  4 011,   23,   ,   ,   ,   35,   34,   1,  3 978,  3 959,   17,   ,   ,   ,   33,   32,   1,
§ 289/2                                 ,   355,   353,   99,   17,   4,   323,   33,   ,   ,   ,   1,   1,   ,   343,   309,   33,   ,   ,   ,   1,   1,   ,
§ 289/3A                                ,   55,   55,   100,   7,   3,   58,   ,   ,   ,   ,   ,   ,   ,   52,   52,   ,   ,   ,   ,   ,   ,   ,
§ 289/3B                                ,   32,   31,   97,   ,   ,   31,   ,   ,   ,   ,   ,   ,   ,   30,   30,   ,   ,   ,   ,   ,   ,   ,
§ 289/3C                                ,   130,   119,   92,   286,   9,   127,   ,   ,   ,   ,   ,   ,   ,   120,   119,   ,   ,   ,   ,   ,   ,   ,
§ 289/4                                 ,   38,   38,   100,   24,   1,   39,   ,   ,   ,   ,   ,   ,   ,   39,   39,   ,   ,   ,   ,   ,   ,   ,
§ 294/1                                 ,   189,   109,   58,   2,   35,   2,   1,   ,   ,   ,   3,   ,   ,   119,   1,   ,   ,   ,   ,   2,   ,   ,
§ 294/2                                 ,   116,   57,   49,   ,   18,   1,   ,   ,   ,   ,   ,   ,   ,   62,   ,   ,   ,   ,   ,   ,   ,   ,
§ 295/1                                 ,   22,   13,   59,   ,   8,   ,   ,   1,   ,   ,   ,   ,   ,   13,   ,   ,   ,   ,   ,   ,   ,   ,
§ 295/2                                 ,   1,   ,   ,   ,   ,   ,   ,   ,   ,   ,   ,   ,   ,   ,   ,   ,   ,   ,   ,   ,   ,   ,
§ 296                                   ,   9,   5,   56,   ,   1,   ,   ,   ,   ,   ,   1,   ,   ,   27,   ,   ,   ,   ,   ,   2,   ,   ,
§ 298                                   ,   22,   4,   18,   ,   ,   ,   ,   ,   ,   ,   ,   ,   ,   4,   ,   ,   ,   ,   ,   ,   ,   ,
§ 299A                                  ,   5,   ,   ,   2,   1,   ,   ,   ,   ,   ,   ,   ,   ,   1,   ,   ,   ,   ,   ,   ,   ,   ,
§ 300                                   ,   17,   1,   6,   133,   ,   ,   ,   ,   ,   ,   ,   ,   ,   1,   ,   ,   ,   ,   ,   ,   ,   ,
§ 301                                   ,   6,   1,   17,   ,   1,   ,   ,   ,   ,   ,   ,   ,   ,   3,   ,   ,   ,   ,   ,   ,   ,   ,
§ 302                                   ,   216,   24,   11,   936,   13,   ,   ,   ,   ,   ,   1,   ,   ,   85,   ,   ,   ,   ,   ,   2,   ,   ,
§ 303                                   ,   1,   ,   ,   ,   ,   ,   ,   ,   ,   ,   ,   ,   ,   ,   ,   ,   ,   ,   ,   ,   ,   ,
§ 304                                   ,   2,   ,   ,   ,   ,   ,   ,   ,   ,   ,   ,   ,   ,   ,   ,   ,   ,   ,   ,   ,   ,   ,
§ 305/1                                 ,   27,   4,   15,  1 426,   2,   ,   ,   ,   ,   ,   ,   ,   ,   9,   ,   ,   ,   ,   ,   ,   ,   ,
§ 305/2                                 ,   49,   38,   78,   ,   1,   1,   ,   ,   ,   ,   ,   ,   ,   37,   ,   ,   ,   ,   ,   ,   ,   ,
§ 306                                   ,   99,   20,   20,  2 864,   15,   ,   ,   ,   ,   ,   1,   ,   ,   45,   ,   ,   ,   ,   ,   1,   ,   ,
§ 310                                   ,   310,   213,   69,   136,   2,   7,   ,   39,   ,   ,   15,   ,   ,   245,   13,   ,   42,   ,   ,   21,   ,   ,
                                        ,   ,   ,   ,   ,   ,   ,   ,   ,   ,   ,   ,   ,   ,   ,   ,   ,   ,   ,   ,   ,   ,   ,
VII. HLAVA Tr. zákona                   ,   2,   ,   ,   ,   ,   ,   ,   ,   ,   ,   ,   ,   ,   ,   ,   ,   ,   ,   ,   ,   ,   ,
§ 319/1                                 ,   2,   ,   ,   ,   ,   ,   ,   ,   ,   ,   ,   ,   ,   ,   ,   ,   ,   ,   ,   ,   ,   ,
                                        ,   ,   ,   ,   ,   ,   ,   ,   ,   ,   ,   ,   ,   ,   ,   ,   ,   ,   ,   ,   ,   ,   ,
VIII. HLAVA Tr. zákona                  ,  2 846,  2 424,   85,  1 328,   97,   401,   7,   ,   ,   ,   36,   5,   ,  2 370,   244,   5,   ,   ,   ,   32,   3,   ,
§ 321                                   ,   1,   1,   100,   ,   ,   ,   ,   ,   ,   ,   ,   ,   ,   1,   ,   ,   ,   ,   ,   ,   ,   ,
§ 322                                   ,   2,   ,   ,   ,   ,   ,   ,   ,   ,   ,   ,   ,   ,   ,   ,   ,   ,   ,   ,   ,   ,   ,
§ 323                                   ,   181,   166,   92,   5,   7,   90,   ,   ,   ,   ,   4,   3,   ,   177,   89,   ,   ,   ,   ,   4,   3,   ,
§ 324                                   ,   28,   26,   93,   ,   4,   13,   1,   ,   ,   ,   ,   ,   ,   25,   10,   1,   ,   ,   ,   ,   ,   ,
§ 326                                   ,   126,   29,   23,   910,   18,   ,   ,   ,   ,   ,   ,   ,   ,   52,   ,   ,   ,   ,   ,   ,   ,   ,
§ 327                                   ,   10,   2,   20,   ,   3,   ,   ,   ,   ,   ,   ,   ,   ,   6,   ,   ,   ,   ,   ,   ,   ,   ,
§ 328                                   ,   7,   6,   86,   ,   1,   ,   ,   ,   ,   ,   ,   ,   ,   9,   ,   ,   ,   ,   ,   ,   ,   ,
§ 329                                   ,   44,   18,   41,   ,   7,   ,   ,   ,   ,   ,   ,   ,   ,   49,   ,   ,   ,   ,   ,   ,   ,   ,
§ 332                                   ,   16,   10,   63,   ,   ,   ,   ,   ,   ,   ,   ,   ,   ,   19,   ,   ,   ,   ,   ,   ,   ,   ,
§ 333                                   ,   51,   25,   49,   ,   4,   1,   ,   ,   ,   ,   ,   ,   ,   37,   1,   ,   ,   ,   ,   ,   ,   ,
§ 336/1                                 ,   10,   7,   70,   ,   2,   ,   ,   ,   ,   ,   ,   ,   ,   12,   ,   ,   ,   ,   ,   ,   ,   ,
§ 336/2                                 ,   2,   2,   100,   ,   2,   ,   ,   ,   ,   ,   ,   ,   ,   7,   ,   ,   ,   ,   ,   ,   ,   ,
§ 336A/1                                ,   8,   4,   50,   ,   ,   ,   ,   ,   ,   ,   ,   ,   ,   6,   ,   ,   ,   ,   ,   ,   ,   ,
§ 336A/2                                ,   4,   2,   50,   ,   ,   ,   ,   ,   ,   ,   ,   ,   ,   2,   ,   ,   ,   ,   ,   ,   ,   ,
§ 336B/1                                ,   4,   2,   50,   ,   ,   ,   ,   ,   ,   ,   ,   ,   ,   13,   ,   ,   ,   ,   ,   ,   ,   ,
§ 336B/2                                ,   5,   3,   60,   ,   ,   ,   ,   ,   ,   ,   ,   ,   ,   16,   ,   ,   ,   ,   ,   ,   ,   ,
§ 337                                   ,   2,   ,   ,   ,   ,   ,   ,   ,   ,   ,   ,   ,   ,   ,   ,   ,   ,   ,   ,   ,   ,   ,
§ 339/1                                 ,   5,   5,   100,   ,   ,   1,   ,   ,   ,   ,   ,   ,   ,   5,   1,   ,   ,   ,   ,   ,   ,   ,
§ 340                                   ,   1,   1,   100,   ,   ,   ,   ,   ,   ,   ,   ,   ,   ,   1,   ,   ,   ,   ,   ,   ,   ,   ,
§ 341                                   ,   1,   1,   100,   ,   ,   ,   ,   ,   ,   ,   ,   ,   ,   1,   ,   ,   ,   ,   ,   ,   ,   ,
§ 343                                   ,   3,   3,   100,   ,   1,   ,   ,   ,   ,   ,   ,   ,   ,   4,   ,   ,   ,   ,   ,   ,   ,   ,
§ 344                                   ,   73,   27,   37,   268,   6,   ,   ,   ,   ,   ,   2,   ,   ,   32,   ,   ,   ,   ,   ,   2,   ,   ,
§ 345                                   ,   65,   54,   83,   ,   4,   ,   ,   ,   ,   ,   4,   ,   ,   61,   ,   ,   ,   ,   ,   4,   ,   ,
§ 346/1                                 ,   84,   72,   86,   ,   4,   1,   ,   ,   ,   ,   2,   ,   ,   75,   1,   ,   ,   ,   ,   1,   ,   ,
§ 346/2                                 ,   4,   4,   100,   ,   ,   ,   ,   ,   ,   ,   ,   ,   ,   6,   ,   ,   ,   ,   ,   ,   ,   ,
§ 347                                   ,   9,   ,   ,   133,   ,   ,   ,   ,   ,   ,   ,   ,   ,   ,   ,   ,   ,   ,   ,   ,   ,   ,
§ 348/1                                 ,  1 812,  1 777,   98,   6,   9,   292,   5,   ,   ,   ,   24,   2,   ,  1 533,   139,   3,   ,   ,   ,   21,   ,   ,
§ 348/2                                 ,   5,   5,   100,   ,   ,   ,   ,   ,   ,   ,   ,   ,   ,   5,   ,   ,   ,   ,   ,   ,   ,   ,
§ 349                                   ,   13,   8,   62,   ,   2,   1,   ,   ,   ,   ,   ,   ,   ,   10,   1,   ,   ,   ,   ,   ,   ,   ,
§ 351/1                                 ,   5,   ,   ,   ,   ,   ,   ,   ,   ,   ,   ,   ,   ,   ,   ,   ,   ,   ,   ,   ,   ,   ,
§ 351/2                                 ,   3,   ,   ,   ,   ,   ,   ,   ,   ,   ,   ,   ,   ,   ,   ,   ,   ,   ,   ,   ,   ,   ,
§ 352/1                                 ,   195,   124,   64,   4,   14,   2,   ,   ,   ,   ,   ,   ,   ,   120,   2,   ,   ,   ,   ,   ,   ,   ,
§ 352/2                                 ,   7,   4,   57,   ,   1,   ,   ,   ,   ,   ,   ,   ,   ,   5,   ,   ,   ,   ,   ,   ,   ,   ,
§ 353/1                                 ,   2,   ,   ,   ,   ,   ,   ,   ,   ,   ,   ,   ,   ,   ,   ,   ,   ,   ,   ,   ,   ,   ,
§ 355/1                                 ,   7,   2,   29,   ,   ,   ,   ,   ,   ,   ,   ,   ,   ,   3,   ,   ,   ,   ,   ,   ,   ,   ,
§ 355/2                                 ,   18,   14,   78,   ,   ,   ,   1,   ,   ,   ,   ,   ,   ,   26,   ,   1,   ,   ,   ,   ,   ,   ,
§ 356                                   ,   31,   20,   65,   ,   8,   ,   ,   ,   ,   ,   ,   ,   ,   52,   ,   ,   ,   ,   ,   ,   ,   ,
§ 357                                   ,   1,   ,   ,   ,   ,   ,   ,   ,   ,   ,   ,   ,   ,   ,   ,   ,   ,   ,   ,   ,   ,   ,
§ 358                                   ,   1,   ,   ,   ,   ,   ,   ,   ,   ,   ,   ,   ,   ,   ,   ,   ,   ,   ,   ,   ,   ,   ,
                                        ,   ,   ,   ,   ,   ,   ,   ,   ,   ,   ,   ,   ,   ,   ,   ,   ,   ,   ,   ,   ,   ,   ,
IX. HLAVA Tr. zákona                    ,  3 886,  2 968,   76,   186,   151,  1 289,   9,   58,   3,   ,   167,   24,   ,  3 102,  1 280,   8,   63,   3,   ,   179,   24,   ,
§ 359                                   ,   26,   24,   92,   ,   1,   11,   ,   ,   ,   ,   1,   ,   ,   29,   10,   ,   ,   ,   ,   1,   ,   ,
§ 360                                   ,  1 878,  1 716,   91,   17,   27,   923,   9,   11,   3,   ,   25,   6,   ,  1 654,   882,   8,   11,   3,   ,   21,   5,   ,
§ 360A                                  ,   165,   124,   75,   ,   13,   7,   ,   1,   ,   ,   1,   ,   ,   122,   6,   ,   1,   ,   ,   1,   ,   ,
§ 361/1                                 ,   49,   23,   47,   ,   2,   6,   ,   1,   ,   ,   3,   ,   ,   23,   6,   ,   1,   ,   ,   3,   ,   ,
§ 361/2                                 ,   24,   11,   46,   ,   2,   2,   ,   1,   ,   ,   ,   ,   ,   11,   2,   ,   1,   ,   ,   ,   ,   ,
§ 363                                   ,   3,   3,   100,   ,   ,   3,   ,   ,   ,   ,   1,   1,   ,   3,   3,   ,   ,   ,   ,   1,   1,   ,
§ 364                                   ,  1 030,   825,   80,   6,   63,   329,   ,   26,   ,   ,   100,   17,   ,  1 066,   365,   ,   31,   ,   ,   118,   18,   ,
§ 365                                   ,   44,   17,   39,   19,   ,   3,   ,   4,   ,   ,   4,   ,   ,   19,   3,   ,   4,   ,   ,   4,   ,   ,
§ 366                                   ,   1,   1,   100,   ,   ,   ,   ,   ,   ,   ,   1,   ,   ,   1,   ,   ,   ,   ,   ,   1,   ,   ,
§ 367                                   ,   9,   5,   56,   ,   1,   ,   ,   ,   ,   ,   1,   ,   ,   9,   ,   ,   ,   ,   ,   1,   ,   ,
§ 368                                   ,   36,   25,   69,   ,   3,   ,   ,   1,   ,   ,   6,   ,   ,   15,   ,   ,   1,   ,   ,   5,   ,   ,
§ 369                                   ,   234,   76,   32,   ,   26,   ,   ,   10,   ,   ,   17,   ,   ,   74,   ,   ,   10,   ,   ,   16,   ,   ,
§ 370                                   ,   54,   38,   70,   ,   3,   1,   ,   ,   ,   ,   1,   ,   ,   8,   ,   ,   ,   ,   ,   ,   ,   ,
§ 371                                   ,   5,   4,   80,   ,   1,   ,   ,   ,   ,   ,   ,   ,   ,   3,   ,   ,   ,   ,   ,   ,   ,   ,
§ 372                                   ,   12,   9,   75,   ,   ,   ,   ,   2,   ,   ,   1,   ,   ,   7,   ,   ,   2,   ,   ,   1,   ,   ,
§ 373                                   ,   129,   13,   10,   ,   2,   ,   ,   ,   ,   ,   3,   ,   ,   16,   ,   ,   ,   ,   ,   4,   ,   ,
§ 374                                   ,   24,   8,   33,   ,   ,   ,   ,   ,   ,   ,   ,   ,   ,   4,   ,   ,   ,   ,   ,   ,   ,   ,
§ 375                                   ,   118,   31,   26,   130,   5,   ,   ,   ,   ,   ,   1,   ,   ,   21,   ,   ,   ,   ,   ,   1,   ,   ,
§ 376                                   ,   3,   1,   33,   ,   ,   ,   ,   ,   ,   ,   ,   ,   ,   1,   ,   ,   ,   ,   ,   ,   ,   ,
§ 377                                   ,   2,   ,   ,   ,   ,   ,   ,   ,   ,   ,   ,   ,   ,   ,   ,   ,   ,   ,   ,   ,   ,   ,
§ 378                                   ,   40,   14,   35,   11,   2,   4,   ,   1,   ,   ,   1,   ,   ,   16,   3,   ,   1,   ,   ,   1,   ,   ,
§ 378A                                  ,   3,   ,   ,   ,   ,   ,   ,   ,   ,   ,   ,   ,   ,   ,   ,   ,   ,   ,   ,   ,   ,   ,
                                        ,   ,   ,   ,   ,   ,   ,   ,   ,   ,   ,   ,   ,   ,   ,   ,   ,   ,   ,   ,   ,   ,   ,
                                        ,   ,   ,   ,   ,   ,   ,   ,   ,   ,   ,   ,   ,   ,   ,   ,   ,   ,   ,   ,   ,   ,   ,
XI. HLAVA Tr. zákona                    ,   9,   6,   67,   2,   2,   3,   ,   ,   ,   ,   ,   ,   ,   8,   3,   ,   ,   ,   ,   ,   ,   ,
§ 393                                   ,   ,   ,   ,   ,   1,   ,   ,   ,   ,   ,   ,   ,   ,   1,   ,   ,   ,   ,   ,   ,   ,   ,
§ 401                                   ,   2,   2,   100,   ,   ,   2,   ,   ,   ,   ,   ,   ,   ,   2,   2,   ,   ,   ,   ,   ,   ,   ,
§ 402                                   ,   4,   3,   75,   ,   1,   ,   ,   ,   ,   ,   ,   ,   ,   4,   ,   ,   ,   ,   ,   ,   ,   ,
§ 408/1                                 ,   1,   1,   100,   ,   ,   1,   ,   ,   ,   ,   ,   ,   ,   1,   1,   ,   ,   ,   ,   ,   ,   ,
§ 411/1                                 ,   2,   ,   ,   2,   ,   ,   ,   ,   ,   ,   ,   ,   ,   ,   ,   ,   ,   ,   ,   ,   ,   ,
                                        ,   ,   ,   ,   ,   ,   ,   ,   ,   ,   ,   ,   ,   ,   ,   ,   ,   ,   ,   ,   ,   ,   ,
XII. HLAVA Tr. zákona                   ,   155,   76,   49,   3,   25,   14,   ,   ,   ,   ,   2,   ,   ,   77,   16,   ,   ,   ,   ,   2,   ,   ,
§ 421                                   ,   4,   4,   100,   ,   ,   ,   ,   ,   ,   ,   ,   ,   ,   15,   ,   ,   ,   ,   ,   ,   ,   ,
§ 422/1                                 ,   84,   47,   56,   3,   10,   14,   ,   ,   ,   ,   1,   ,   ,   35,   16,   ,   ,   ,   ,   1,   ,   ,
§ 422A                                  ,   4,   1,   25,   ,   1,   ,   ,   ,   ,   ,   ,   ,   ,   5,   ,   ,   ,   ,   ,   ,   ,   ,
§ 422B                                  ,   25,   6,   24,   ,   11,   ,   ,   ,   ,   ,   1,   ,   ,   17,   ,   ,   ,   ,   ,   1,   ,   ,
§ 422C                                  ,   16,   8,   50,   ,   1,   ,   ,   ,   ,   ,   ,   ,   ,   3,   ,   ,   ,   ,   ,   ,   ,   ,
§ 422D                                  ,   1,   ,   ,   ,   1,   ,   ,   ,   ,   ,   ,   ,   ,   1,   ,   ,   ,   ,   ,   ,   ,   ,
§ 423/1A                                ,   5,   3,   60,   ,   ,   ,   ,   ,   ,   ,   ,   ,   ,   ,   ,   ,   ,   ,   ,   ,   ,   ,
§ 423/1B                                ,   3,   1,   33,   ,   ,   ,   ,   ,   ,   ,   ,   ,   ,   1,   ,   ,   ,   ,   ,   ,   ,   ,
§ 424/1                                 ,   7,   1,   14,   ,   1,   ,   ,   ,   ,   ,   ,   ,   ,   ,   ,   ,   ,   ,   ,   ,   ,   ,
                                        ,   ,   ,   ,   ,   ,   ,   ,   ,   ,   ,   ,   ,   ,   ,   ,   ,   ,   ,   ,   ,   ,   ,
Tr.zákon è.140/1961 Zb.                 ,   23,   8,   35,   822,   15,   ,   1,   ,   ,   ,   ,   ,   ,   36,   ,   1,   ,   ,   ,   ,   ,   ,
                                        ,   ,   ,   ,   ,   ,   ,   ,   ,   ,   ,   ,   ,   ,   ,   ,   ,   ,   ,   ,   ,   ,   ,
CELKOVÁ  KRIMINALITA                    ,  61 392,  37 201,   61,  385 266,  3 728,  8 172,   159,   694,   3,   ,  2 349,   154,   5,  41 546,  7 918,   151,   875,   3,   ,  2 369,   148,   5,
,,,,,,,,,,,,,,,,,,,,,,,
